FBgn,Flybase Symbol,predicted_compartment,interpretation
FBgn0001104,G-ialpha65A,PM,candidate_only_not_experimentally_validated
FBgn0000044,Act57B,PM,candidate_only_not_experimentally_validated
FBgn0035720,CG10077,Ribosome 40S,candidate_only_not_experimentally_validated
FBgn0003731,Egfr,PM,candidate_only_not_experimentally_validated
FBgn0029506,Tsp42Ee,Lysosome,candidate_only_not_experimentally_validated
FBgn0031871,CG10158,ER,candidate_only_not_experimentally_validated
FBgn0040227,eIF-3p66,Ribosome 40S,candidate_only_not_experimentally_validated
FBgn0037443,CG1021,ER,candidate_only_not_experimentally_validated
FBgn0028475,CG10221,ER,candidate_only_not_experimentally_validated
FBgn0002526,LanA,PM,candidate_only_not_experimentally_validated
FBgn0013773,Cyp6a22,ER,candidate_only_not_experimentally_validated
FBgn0013772,Cyp6a8,ER,candidate_only_not_experimentally_validated
FBgn0033984,Lap1,PM,candidate_only_not_experimentally_validated
FBgn0003261,Rm62,Nucleus,candidate_only_not_experimentally_validated
FBgn0032679,bsf,mitochondrion,candidate_only_not_experimentally_validated
FBgn0028684,Tbp-1,Proteasome,candidate_only_not_experimentally_validated
FBgn0025608,Faf,ER,candidate_only_not_experimentally_validated
FBgn0032704,CG10373,ER,candidate_only_not_experimentally_validated
FBgn0032689,CG10413,PM,candidate_only_not_experimentally_validated
FBgn0039296,CG10420,ER,candidate_only_not_experimentally_validated
FBgn0039304,CG10425,ER,candidate_only_not_experimentally_validated
FBgn0032746,CG10470,ER,candidate_only_not_experimentally_validated
FBgn0027090,Aats-gln,Cytoskeleton,candidate_only_not_experimentally_validated
FBgn0034583,CG10527,PM,candidate_only_not_experimentally_validated
FBgn0001105,Gbeta13F,PM,candidate_only_not_experimentally_validated
FBgn0037051,CG10565,Ribosome 40S,candidate_only_not_experimentally_validated
FBgn0035630,CG10576,Ribosome 40S,candidate_only_not_experimentally_validated
FBgn0011341,Karybeta3,PM,candidate_only_not_experimentally_validated
FBgn0016122,Acer,ER,candidate_only_not_experimentally_validated
FBgn0032721,CG10602,Lysosome,candidate_only_not_experimentally_validated
FBgn0036286,CG10616,ER,candidate_only_not_experimentally_validated
FBgn0036299,Tsf2,PM,candidate_only_not_experimentally_validated
FBgn0010894,sinu,ER,candidate_only_not_experimentally_validated
FBgn0004888,Scsalpha,mitochondrion,candidate_only_not_experimentally_validated
FBgn0035588,CG10672,Ribosome 40S,candidate_only_not_experimentally_validated
FBgn0041775,tral,Nucleus,candidate_only_not_experimentally_validated
FBgn0002031,l(2)37Cc,mitochondrion,candidate_only_not_experimentally_validated
FBgn0011661,Moe,Proteasome,candidate_only_not_experimentally_validated
FBgn0034420,CG10737,ER,candidate_only_not_experimentally_validated
FBgn0029979,CG10777,Ribosome 40S,candidate_only_not_experimentally_validated
FBgn0023213,eIF-4G,mitochondrion,candidate_only_not_experimentally_validated
FBgn0037240,Cont,PM,candidate_only_not_experimentally_validated
FBgn0035471,Sc2,ER,candidate_only_not_experimentally_validated
FBgn0015324,Vha26,PM,candidate_only_not_experimentally_validated
FBgn0031408,CG10882,Lysosome,candidate_only_not_experimentally_validated
FBgn0037470,CG1091,mitochondrion,candidate_only_not_experimentally_validated
FBgn0029969,CG10932,mitochondrion,candidate_only_not_experimentally_validated
FBgn0016697,ProsMA5,Proteasome,candidate_only_not_experimentally_validated
FBgn0010620,Sip1,Lysosome,candidate_only_not_experimentally_validated
FBgn0036316,CG10960,PM,candidate_only_not_experimentally_validated
FBgn0014007,Ptp69D,PM,candidate_only_not_experimentally_validated
FBgn0037374,jagn,ER,candidate_only_not_experimentally_validated
FBgn0013954,FK506-bp2,PM,candidate_only_not_experimentally_validated
FBgn0031830,CG11015,mitochondrion,candidate_only_not_experimentally_validated
FBgn0037467,CG1104,ER,candidate_only_not_experimentally_validated
FBgn0040813,Nplp2,PM,candidate_only_not_experimentally_validated
FBgn0039928,cals,PM,candidate_only_not_experimentally_validated
FBgn0016724,RfaBp,Lysosome,candidate_only_not_experimentally_validated
FBgn0025741,plexA,PM,candidate_only_not_experimentally_validated
FBgn0031842,Tango1,Golgi,candidate_only_not_experimentally_validated
FBgn0004047,Yp3,Ribosome 40S,candidate_only_not_experimentally_validated
FBgn0037199,CG11137,ER,candidate_only_not_experimentally_validated
FBgn0010548,Aldh-III,ER,candidate_only_not_experimentally_validated
FBgn0034500,CG11200,ER,candidate_only_not_experimentally_validated
FBgn0034488,CG11208,Ribosome 60S,candidate_only_not_experimentally_validated
FBgn0036334,CG11267,Cytoskeleton,candidate_only_not_experimentally_validated
FBgn0011284,RpS4,mitochondrion,candidate_only_not_experimentally_validated
FBgn0010452,trn,PM,candidate_only_not_experimentally_validated
FBgn0031217,CG11377,Golgi,candidate_only_not_experimentally_validated
FBgn0029713,CG11436,ER,candidate_only_not_experimentally_validated
FBgn0027086,Aats-ile,Ribosome 40S,candidate_only_not_experimentally_validated
FBgn0027527,Osi6,Golgi,candidate_only_not_experimentally_validated
FBgn0037414,Osi7,Golgi,candidate_only_not_experimentally_validated
FBgn0003444,smo,PM,candidate_only_not_experimentally_validated
FBgn0036847,CG11577,ER,candidate_only_not_experimentally_validated
FBgn0000117,arm,PM,candidate_only_not_experimentally_validated
FBgn0037313,CG1161,Golgi,candidate_only_not_experimentally_validated
FBgn0040340,TRAM,ER,candidate_only_not_experimentally_validated
FBgn0033028,CG11665,PM,candidate_only_not_experimentally_validated
FBgn0039252,CG11771,Cytoskeleton,candidate_only_not_experimentally_validated
FBgn0039259,CG11781,ER,candidate_only_not_experimentally_validated
FBgn0045866,bai,ER,candidate_only_not_experimentally_validated
FBgn0039265,CG11790,Golgi,candidate_only_not_experimentally_validated
FBgn0003462,Sod,PM,candidate_only_not_experimentally_validated
FBgn0031260,Spp,ER,candidate_only_not_experimentally_validated
FBgn0039293,CG11851,ER,candidate_only_not_experimentally_validated
FBgn0039302,Nup358,Ribosome 40S,candidate_only_not_experimentally_validated
FBgn0039303,CG11857,Golgi,candidate_only_not_experimentally_validated
FBgn0039635,CG11876,Cytoskeleton,candidate_only_not_experimentally_validated
FBgn0039644,CG11897,Lysosome,candidate_only_not_experimentally_validated
FBgn0029176,Ef1gamma,Proteasome,candidate_only_not_experimentally_validated
FBgn0010434,cora,PM,candidate_only_not_experimentally_validated
FBgn0037643,CG11963,Ribosome 40S,candidate_only_not_experimentally_validated
FBgn0037652,CG11980,Proteasome,candidate_only_not_experimentally_validated
FBgn0036064,Ard1,Ribosome 40S,candidate_only_not_experimentally_validated
FBgn0037312,CG11999,ER,candidate_only_not_experimentally_validated
FBgn0004167,kst,PM,candidate_only_not_experimentally_validated
FBgn0035257,CG12011,ER,candidate_only_not_experimentally_validated
FBgn0035438,PHGPx,ER,candidate_only_not_experimentally_validated
FBgn0011573,Cdc37,PM,candidate_only_not_experimentally_validated
FBgn0001091,Gapdh1,Proteasome,candidate_only_not_experimentally_validated
FBgn0030099,CG12056,ER,candidate_only_not_experimentally_validated
FBgn0039851,CG12063,ER,candidate_only_not_experimentally_validated
FBgn0015245,Hsp60,mitochondrion,candidate_only_not_experimentally_validated
FBgn0030130,CG12139,PM,candidate_only_not_experimentally_validated
FBgn0033465,CG12140,mitochondrion,candidate_only_not_experimentally_validated
FBgn0029959,Rab39,PM,candidate_only_not_experimentally_validated
FBgn0024294,Spn43Aa,PM,candidate_only_not_experimentally_validated
FBgn0031020,Nat1,Ribosome 40S,candidate_only_not_experimentally_validated
FBgn0003660,Syb,PM,candidate_only_not_experimentally_validated
FBgn0027291,l(1)G0156,mitochondrion,candidate_only_not_experimentally_validated
FBgn0035811,CG12262,mitochondrion,candidate_only_not_experimentally_validated
FBgn0032393,CG12264,Ribosome 40S,candidate_only_not_experimentally_validated
FBgn0028425,JhI-21,PM,candidate_only_not_experimentally_validated
FBgn0010238,Lac,PM,candidate_only_not_experimentally_validated
FBgn0001233,Hsp83,PM,candidate_only_not_experimentally_validated
FBgn0037434,CG1249,Nucleus,candidate_only_not_experimentally_validated
FBgn0037357,sec23,Ribosome 60S,candidate_only_not_experimentally_validated
FBgn0010341,Cdc42,PM,candidate_only_not_experimentally_validated
FBgn0010380,Bap,PM,candidate_only_not_experimentally_validated
FBgn0000547,ed,PM,candidate_only_not_experimentally_validated
FBgn0040308,Jafrac2,ER,candidate_only_not_experimentally_validated
FBgn0024365,CG12773,Golgi,candidate_only_not_experimentally_validated
FBgn0027842,CPTI,ER,candidate_only_not_experimentally_validated
FBgn0026403,Ndg,Golgi,candidate_only_not_experimentally_validated
FBgn0035401,CG1291,ER,candidate_only_not_experimentally_validated
FBgn0033477,CG12918,ER,candidate_only_not_experimentally_validated
FBgn0037755,CG12945,ER,candidate_only_not_experimentally_validated
FBgn0026566,CG1307,ER,candidate_only_not_experimentally_validated
FBgn0035519,CG1309,ER,candidate_only_not_experimentally_validated
FBgn0032050,CG13096,Nucleus,candidate_only_not_experimentally_validated
FBgn0035523,CG1311,PM,candidate_only_not_experimentally_validated
FBgn0032168,CG13126,mitochondrion,candidate_only_not_experimentally_validated
FBgn0033881,RacGAP50C,PM,candidate_only_not_experimentally_validated
FBgn0026879,CG13364,Nucleus,candidate_only_not_experimentally_validated
FBgn0027932,Akap200,Proteasome,candidate_only_not_experimentally_validated
FBgn0032035,CG13393,ER,candidate_only_not_experimentally_validated
FBgn0040660,CG13551,mitochondrion,candidate_only_not_experimentally_validated
FBgn0039219,CG13630,Ribosome 40S,candidate_only_not_experimentally_validated
FBgn0033482,CG1371,ER,candidate_only_not_experimentally_validated
FBgn0004649,yl,PM,candidate_only_not_experimentally_validated
FBgn0038964,Nop56,Nucleus,candidate_only_not_experimentally_validated
FBgn0035165,CG13887,ER,candidate_only_not_experimentally_validated
FBgn0035173,CG13907,PM,candidate_only_not_experimentally_validated
FBgn0015031,cype,mitochondrion,candidate_only_not_experimentally_validated
FBgn0011710,Sep1,Proteasome,candidate_only_not_experimentally_validated
FBgn0020255,ran,Ribosome 40S,candidate_only_not_experimentally_validated
FBgn0036855,CG14084,Golgi,candidate_only_not_experimentally_validated
FBgn0036889,CG14100,Cytoskeleton,candidate_only_not_experimentally_validated
FBgn0035965,Use1,ER,candidate_only_not_experimentally_validated
FBgn0031035,RpS10b,Ribosome 40S,candidate_only_not_experimentally_validated
FBgn0038660,CG14291,ER,candidate_only_not_experimentally_validated
FBgn0038611,CG14309,Proteasome,candidate_only_not_experimentally_validated
FBgn0030038,CG1440,Proteasome,candidate_only_not_experimentally_validated
FBgn0027588,CG14476,ER,candidate_only_not_experimentally_validated
FBgn0034245,CG14482,mitochondrion,candidate_only_not_experimentally_validated
FBgn0062442,CG1458,Cytoskeleton,candidate_only_not_experimentally_validated
FBgn0025641,DAAM,PM,candidate_only_not_experimentally_validated
FBgn0037245,CG14648,Ribosome 40S,candidate_only_not_experimentally_validated
FBgn0037252,CG14650,ER,candidate_only_not_experimentally_validated
FBgn0037340,CG14671,ER,candidate_only_not_experimentally_validated
FBgn0015221,Fer2LCH,ER,candidate_only_not_experimentally_validated
FBgn0037930,CG14715,ER,candidate_only_not_experimentally_validated
FBgn0019624,CoVa,mitochondrion,candidate_only_not_experimentally_validated
FBgn0033236,CG14764,Golgi,candidate_only_not_experimentally_validated
FBgn0003517,sta,PM,candidate_only_not_experimentally_validated
FBgn0026090,CG14812,Lysosome,candidate_only_not_experimentally_validated
FBgn0028969,deltaCOP,Ribosome 40S,candidate_only_not_experimentally_validated
FBgn0002645,Map205,Lysosome,candidate_only_not_experimentally_validated
FBgn0038432,CG14883,ER,candidate_only_not_experimentally_validated
FBgn0032378,CG14939,PM,candidate_only_not_experimentally_validated
FBgn0035469,CG14977,ER,candidate_only_not_experimentally_validated
FBgn0035499,Chd64,PM,candidate_only_not_experimentally_validated
FBgn0015287,RfC40,Ribosome 40S,candidate_only_not_experimentally_validated
FBgn0010551,l(2)03709,mitochondrion,candidate_only_not_experimentally_validated
FBgn0034388,CG15092,Golgi,candidate_only_not_experimentally_validated
FBgn0034401,CG15100,Ribosome 40S,candidate_only_not_experimentally_validated
FBgn0034405,Jheh2,ER,candidate_only_not_experimentally_validated
FBgn0034406,Jheh3,ER,candidate_only_not_experimentally_validated
FBgn0026664,l(1)G0155,PM,candidate_only_not_experimentally_validated
FBgn0027580,CG1516,mitochondrion,candidate_only_not_experimentally_validated
FBgn0031149,CG1518,ER,candidate_only_not_experimentally_validated
FBgn0029093,cathD,Lysosome,candidate_only_not_experimentally_validated
FBgn0004657,mys,ER,candidate_only_not_experimentally_validated
FBgn0038834,RpS30,Ribosome 40S,candidate_only_not_experimentally_validated
FBgn0030465,CG15743,Golgi,candidate_only_not_experimentally_validated
FBgn0005634,zip,Proteasome,candidate_only_not_experimentally_validated
FBgn0004574,Rop,PM,candidate_only_not_experimentally_validated
FBgn0000054,Adf1,Nucleus,candidate_only_not_experimentally_validated
FBgn0030289,CG1597,ER,candidate_only_not_experimentally_validated
FBgn0000346,comt,PM,candidate_only_not_experimentally_validated
FBgn0040309,Jafrac1,PM,candidate_only_not_experimentally_validated
FBgn0002968,Nrg,PM,candidate_only_not_experimentally_validated
FBgn0033446,CG1648,PM,candidate_only_not_experimentally_validated
FBgn0011747,Ank,PM,candidate_only_not_experimentally_validated
FBgn0030122,CG16892,ER,candidate_only_not_experimentally_validated
FBgn0003498,sqd,Nucleus,candidate_only_not_experimentally_validated
FBgn0030235,Imp,Nucleus,candidate_only_not_experimentally_validated
FBgn0028686,Rpt3,PM,candidate_only_not_experimentally_validated
FBgn0003360,sesB,mitochondrion,candidate_only_not_experimentally_validated
FBgn0038809,CG16953,Lysosome,candidate_only_not_experimentally_validated
FBgn0036512,CG16979,ER,candidate_only_not_experimentally_validated
FBgn0030321,CG1703,Proteasome,candidate_only_not_experimentally_validated
FBgn0028671,Vha100-1,PM,candidate_only_not_experimentally_validated
FBgn0014869,Pglym78,Proteasome,candidate_only_not_experimentally_validated
FBgn0025740,plexB,PM,candidate_only_not_experimentally_validated
FBgn0001624,dlg1,PM,candidate_only_not_experimentally_validated
FBgn0030205,CG17255,Ribosome 40S,candidate_only_not_experimentally_validated
FBgn0025803,SNF4Agamma,PM,candidate_only_not_experimentally_validated
FBgn0032713,CG17323,ER,candidate_only_not_experimentally_validated
FBgn0027779,VhaSFD,Proteasome,candidate_only_not_experimentally_validated
FBgn0005671,Vha55,PM,candidate_only_not_experimentally_validated
FBgn0025814,Mgstl,ER,candidate_only_not_experimentally_validated
FBgn0039925,Kif3C,Proteasome,candidate_only_not_experimentally_validated
FBgn0030306,Spase25,ER,candidate_only_not_experimentally_validated
FBgn0031544,CG17593,ER,candidate_only_not_experimentally_validated
FBgn0000579,Eno,Proteasome,candidate_only_not_experimentally_validated
FBgn0035423,CG17737,Ribosome 40S,candidate_only_not_experimentally_validated
FBgn0004435,Galpha49B,PM,candidate_only_not_experimentally_validated
FBgn0039188,Golgin84,Golgi,candidate_only_not_experimentally_validated
FBgn0026415,Idgf4,PM,candidate_only_not_experimentally_validated
FBgn0023143,Uba1,PM,candidate_only_not_experimentally_validated
FBgn0038914,fit,Ribosome 60S,candidate_only_not_experimentally_validated
FBgn0004907,14-3-3zeta,PM,candidate_only_not_experimentally_validated
FBgn0010215,alpha-Cat,PM,candidate_only_not_experimentally_validated
FBgn0061209,His2B:CG17949,Nucleus,candidate_only_not_experimentally_validated
FBgn0004362,HmgD,Nucleus,candidate_only_not_experimentally_validated
FBgn0034657,LBR,ER,candidate_only_not_experimentally_validated
FBgn0003204,ras,Proteasome,candidate_only_not_experimentally_validated
FBgn0038552,CG18012,PM,candidate_only_not_experimentally_validated
FBgn0039678,Obp99a,ER,candidate_only_not_experimentally_validated
FBgn0038535,alt,ER,candidate_only_not_experimentally_validated
FBgn0010342,Map60,Nucleus,candidate_only_not_experimentally_validated
FBgn0034072,Dg,PM,candidate_only_not_experimentally_validated
FBgn0031126,Cyp6v1,ER,candidate_only_not_experimentally_validated
FBgn0030329,CG1837,ER,candidate_only_not_experimentally_validated
FBgn0011259,Sema-1a,PM,candidate_only_not_experimentally_validated
FBgn0061355,CG18431,PM,candidate_only_not_experimentally_validated
FBgn0033476,CG18445,ER,candidate_only_not_experimentally_validated
FBgn0028527,CG18507,Proteasome,candidate_only_not_experimentally_validated
FBgn0003189,r,Cytoskeleton,candidate_only_not_experimentally_validated
FBgn0040259,Ugt86Da,ER,candidate_only_not_experimentally_validated
FBgn0025743,mbt,PM,candidate_only_not_experimentally_validated
FBgn0028670,Vha100-2,PM,candidate_only_not_experimentally_validated
FBgn0019947,Psn,PM,candidate_only_not_experimentally_validated
FBgn0042134,CG18811,Proteasome,candidate_only_not_experimentally_validated
FBgn0039757,RpS7,Ribosome 40S,candidate_only_not_experimentally_validated
FBgn0033424,Not1,Ribosome 40S,candidate_only_not_experimentally_validated
FBgn0030343,ATP7,PM,candidate_only_not_experimentally_validated
FBgn0022349,CG1910,Nucleus,candidate_only_not_experimentally_validated
FBgn0039875,sip3,ER,candidate_only_not_experimentally_validated
FBgn0030276,Dlic2,Ribosome 40S,candidate_only_not_experimentally_validated
FBgn0037469,CG1939,ER,candidate_only_not_experimentally_validated
FBgn0004636,R,PM,candidate_only_not_experimentally_validated
FBgn0027620,Acf1,Ribosome 40S,candidate_only_not_experimentally_validated
FBgn0030341,p24-1,ER,candidate_only_not_experimentally_validated
FBgn0039909,CG1970,mitochondrion,candidate_only_not_experimentally_validated
FBgn0003470,alpha-Spec,PM,candidate_only_not_experimentally_validated
FBgn0037383,CG2023,ER,candidate_only_not_experimentally_validated
FBgn0002780,mod,Nucleus,candidate_only_not_experimentally_validated
FBgn0014469,Cyp4e2,ER,candidate_only_not_experimentally_validated
FBgn0015034,Cyp4e1,ER,candidate_only_not_experimentally_validated
FBgn0033205,CG2064,ER,candidate_only_not_experimentally_validated
FBgn0033204,CG2065,PM,candidate_only_not_experimentally_validated
FBgn0020653,Trxr-1,PM,candidate_only_not_experimentally_validated
FBgn0025704,CG2165,PM,candidate_only_not_experimentally_validated
FBgn0003738,Tpi,PM,candidate_only_not_experimentally_validated
FBgn0001122,G-oalpha47A,PM,candidate_only_not_experimentally_validated
FBgn0022893,Df31,PM,candidate_only_not_experimentally_validated
FBgn0000150,awd,PM,candidate_only_not_experimentally_validated
FBgn0003656,sws,ER,candidate_only_not_experimentally_validated
FBgn0015222,Fer1HCH,ER,candidate_only_not_experimentally_validated
FBgn0028331,l(1)G0289,PM,candidate_only_not_experimentally_validated
FBgn0000559,Ef2b,Ribosome 40S,candidate_only_not_experimentally_validated
FBgn0010333,Rac1,PM,candidate_only_not_experimentally_validated
FBgn0039665,CG2310,PM,candidate_only_not_experimentally_validated
FBgn0024923,TER94,PM,candidate_only_not_experimentally_validated
FBgn0026567,Spase18-21,ER,candidate_only_not_experimentally_validated
FBgn0037298,CG2604,ER,candidate_only_not_experimentally_validated
FBgn0003371,sgg,Proteasome,candidate_only_not_experimentally_validated
FBgn0000986,Fs(2)Ket,Proteasome,candidate_only_not_experimentally_validated
FBgn0002121,l(2)gl,PM,candidate_only_not_experimentally_validated
FBgn0001142,Gs1,mitochondrion,candidate_only_not_experimentally_validated
FBgn0024352,Hop,Proteasome,candidate_only_not_experimentally_validated
FBgn0037533,CG2791,PM,candidate_only_not_experimentally_validated
FBgn0015286,Rala,PM,candidate_only_not_experimentally_validated
FBgn0034753,CG2852,ER,candidate_only_not_experimentally_validated
FBgn0033241,CG2915,ER,candidate_only_not_experimentally_validated
FBgn0023529,CG2918,ER,candidate_only_not_experimentally_validated
FBgn0037346,exba,Cytoskeleton,candidate_only_not_experimentally_validated
FBgn0037339,Pi4KIIalpha,Golgi,candidate_only_not_experimentally_validated
FBgn0028665,VhaAC39,PM,candidate_only_not_experimentally_validated
FBgn0037530,CG2943,ER,candidate_only_not_experimentally_validated
FBgn0000316,cin,PM,candidate_only_not_experimentally_validated
FBgn0028342,l(1)G0230,mitochondrion,candidate_only_not_experimentally_validated
FBgn0034936,CG2970,Ribosome 40S,candidate_only_not_experimentally_validated
FBgn0005391,Yp2,Ribosome 40S,candidate_only_not_experimentally_validated
FBgn0004045,Yp1,Ribosome 60S,candidate_only_not_experimentally_validated
FBgn0015521,oho23B,PM,candidate_only_not_experimentally_validated
FBgn0050085,CG30085,Ribosome 40S,candidate_only_not_experimentally_validated
FBgn0029823,CG3011,Proteasome,candidate_only_not_experimentally_validated
FBgn0050193,CG30193,ER,candidate_only_not_experimentally_validated
FBgn0025615,torp4a,ER,candidate_only_not_experimentally_validated
FBgn0050291,CG30291,ER,candidate_only_not_experimentally_validated
FBgn0029818,CG3033,ER,candidate_only_not_experimentally_validated
FBgn0031645,CG3036,PM,candidate_only_not_experimentally_validated
FBgn0050387,CG30387,PM,candidate_only_not_experimentally_validated
FBgn0004646,ogre,ER,candidate_only_not_experimentally_validated
FBgn0029913,CG3044,Lysosome,candidate_only_not_experimentally_validated
FBgn0038194,Cyp6d5,ER,candidate_only_not_experimentally_validated
FBgn0024947,NTPase,ER,candidate_only_not_experimentally_validated
FBgn0038195,CG3061,ER,candidate_only_not_experimentally_validated
FBgn0029804,CG3097,PM,candidate_only_not_experimentally_validated
FBgn0051004,CG31004,ER,candidate_only_not_experimentally_validated
FBgn0039776,PH4alphaEFB,ER,candidate_only_not_experimentally_validated
FBgn0051120,CG31120,ER,candidate_only_not_experimentally_validated
FBgn0046685,Wsck,PM,candidate_only_not_experimentally_validated
FBgn0011725,twin,Nucleus,candidate_only_not_experimentally_validated
FBgn0051152,rumi,ER,candidate_only_not_experimentally_validated
FBgn0051195,CG31195,PM,candidate_only_not_experimentally_validated
FBgn0020238,14-3-3epsilon,PM,candidate_only_not_experimentally_validated
FBgn0003075,Pgk,Proteasome,candidate_only_not_experimentally_validated
FBgn0015794,Rab-RP4,PM,candidate_only_not_experimentally_validated
FBgn0031464,Duox,ER,candidate_only_not_experimentally_validated
FBgn0003177,pyd,PM,candidate_only_not_experimentally_validated
FBgn0051363,Jupiter,Cytoskeleton,candidate_only_not_experimentally_validated
FBgn0022708,Adk2,mitochondrion,candidate_only_not_experimentally_validated
FBgn0026761,Trap1,mitochondrion,candidate_only_not_experimentally_validated
FBgn0011219,Bsg,PM,candidate_only_not_experimentally_validated
FBgn0025683,CG3164,PM,candidate_only_not_experimentally_validated
FBgn0034962,MAN1,ER,candidate_only_not_experimentally_validated
FBgn0051717,CG31717,ER,candidate_only_not_experimentally_validated
FBgn0051729,CG31729,PM,candidate_only_not_experimentally_validated
FBgn0028539,CG31731,PM,candidate_only_not_experimentally_validated
FBgn0051738,CG31738,ER,candidate_only_not_experimentally_validated
FBgn0034967,eIF-5A,Ribosome 40S,candidate_only_not_experimentally_validated
FBgn0040070,Trx-2,Proteasome,candidate_only_not_experimentally_validated
FBgn0051915,CG31915,ER,candidate_only_not_experimentally_validated
FBgn0031360,CG31937,ER,candidate_only_not_experimentally_validated
FBgn0004687,Mlc-c,Proteasome,candidate_only_not_experimentally_validated
FBgn0000116,Argk,PM,candidate_only_not_experimentally_validated
FBgn0052066,CG32066,PM,candidate_only_not_experimentally_validated
FBgn0052069,CG32069,ER,candidate_only_not_experimentally_validated
FBgn0034971,CG3209,ER,candidate_only_not_experimentally_validated
FBgn0041604,dlp,PM,candidate_only_not_experimentally_validated
FBgn0052190,NUCB1,ER,candidate_only_not_experimentally_validated
FBgn0052230,CG32230,mitochondrion,candidate_only_not_experimentally_validated
FBgn0052451,SPoCk,Golgi,candidate_only_not_experimentally_validated
FBgn0052473,CG32473,Lysosome,candidate_only_not_experimentally_validated
FBgn0052536,CG32536,Golgi,candidate_only_not_experimentally_validated
FBgn0052632,Tango13,ER,candidate_only_not_experimentally_validated
FBgn0052675,Tango5,ER,candidate_only_not_experimentally_validated
FBgn0067052,Rab9D,PM,candidate_only_not_experimentally_validated
FBgn0010338,alpha-Man-I,Golgi,candidate_only_not_experimentally_validated
FBgn0014009,Rab2,PM,candidate_only_not_experimentally_validated
FBgn0052699,CG32699,ER,candidate_only_not_experimentally_validated
FBgn0028327,l(1)G0320,ER,candidate_only_not_experimentally_validated
FBgn0040384,CG32795,ER,candidate_only_not_experimentally_validated
FBgn0003447,sn,Proteasome,candidate_only_not_experimentally_validated
FBgn0053087,CG33087,PM,candidate_only_not_experimentally_validated
FBgn0053096,CG33096,PM,candidate_only_not_experimentally_validated
FBgn0013998,Nsf2,Proteasome,candidate_only_not_experimentally_validated
FBgn0003137,Ppn,Golgi,candidate_only_not_experimentally_validated
FBgn0069242,eca,ER,candidate_only_not_experimentally_validated
FBgn0053113,Rtnl1,ER,candidate_only_not_experimentally_validated
FBgn0053129,CG33129,ER,candidate_only_not_experimentally_validated
FBgn0016700,Rab1,PM,candidate_only_not_experimentally_validated
FBgn0053214,CG33214,Golgi,candidate_only_not_experimentally_validated
FBgn0002528,LanB2,ER,candidate_only_not_experimentally_validated
FBgn0053303,CG33303,ER,candidate_only_not_experimentally_validated
FBgn0001075,ft,PM,candidate_only_not_experimentally_validated
FBgn0053523,CG33523,ER,candidate_only_not_experimentally_validated
FBgn0024211,mfas,PM,candidate_only_not_experimentally_validated
FBgn0015737,Hmu,ER,candidate_only_not_experimentally_validated
FBgn0034999,CG3394,Golgi,candidate_only_not_experimentally_validated
FBgn0010408,RpS9,Cytoskeleton,candidate_only_not_experimentally_validated
FBgn0036008,CG3408,ER,candidate_only_not_experimentally_validated
FBgn0028685,Rpt4,Proteasome,candidate_only_not_experimentally_validated
FBgn0000055,Adh,PM,candidate_only_not_experimentally_validated
FBgn0034792,CG3499,mitochondrion,candidate_only_not_experimentally_validated
FBgn0034791,CG3501,Golgi,candidate_only_not_experimentally_validated
FBgn0015816,Slh,PM,candidate_only_not_experimentally_validated
FBgn0030733,CG3560,Ribosome 40S,candidate_only_not_experimentally_validated
FBgn0029709,CHOp24,ER,candidate_only_not_experimentally_validated
FBgn0040918,Lag1,ER,candidate_only_not_experimentally_validated
FBgn0034724,CG3624,PM,candidate_only_not_experimentally_validated
FBgn0031245,CG3625,ER,candidate_only_not_experimentally_validated
FBgn0026875,CG3638,PM,candidate_only_not_experimentally_validated
FBgn0010078,RpL23,Lysosome,candidate_only_not_experimentally_validated
FBgn0014010,Rab5,PM,candidate_only_not_experimentally_validated
FBgn0031590,CG3702,ER,candidate_only_not_experimentally_validated
FBgn0003391,shg,PM,candidate_only_not_experimentally_validated
FBgn0004551,Ca-P60A,ER,candidate_only_not_experimentally_validated
FBgn0038271,CG3731,mitochondrion,candidate_only_not_experimentally_validated
FBgn0012036,Aldh,mitochondrion,candidate_only_not_experimentally_validated
FBgn0022343,CG3760,mitochondrion,candidate_only_not_experimentally_validated
FBgn0020367,Vha68-2,PM,candidate_only_not_experimentally_validated
FBgn0031662,CG3792,ER,candidate_only_not_experimentally_validated
FBgn0034802,CG3800,Ribosome 40S,candidate_only_not_experimentally_validated
FBgn0029866,CG3842,PM,candidate_only_not_experimentally_validated
FBgn0010488,l(2)01424,Ribosome 40S,candidate_only_not_experimentally_validated
FBgn0026708,l(1)G0030,mitochondrion,candidate_only_not_experimentally_validated
FBgn0031670,CG3887,ER,candidate_only_not_experimentally_validated
FBgn0036824,CG3902,mitochondrion,candidate_only_not_experimentally_validated
FBgn0036650,Baldspot,ER,candidate_only_not_experimentally_validated
FBgn0036816,Indy,PM,candidate_only_not_experimentally_validated
FBgn0020370,TppII,Nucleus,candidate_only_not_experimentally_validated
FBgn0003071,Pfk,Proteasome,candidate_only_not_experimentally_validated
FBgn0040078,pont,Ribosome 40S,candidate_only_not_experimentally_validated
FBgn0033800,Spt-I,ER,candidate_only_not_experimentally_validated
FBgn0002593,RpLP1,PM,candidate_only_not_experimentally_validated
FBgn0028336,l(1)G0255,mitochondrion,candidate_only_not_experimentally_validated
FBgn0038017,CG4115,Golgi,candidate_only_not_experimentally_validated
FBgn0004648,svr,Golgi,candidate_only_not_experimentally_validated
FBgn0026061,Mipp1,PM,candidate_only_not_experimentally_validated
FBgn0003285,rst,PM,candidate_only_not_experimentally_validated
FBgn0026208,mbf1,Ribosome 40S,candidate_only_not_experimentally_validated
FBgn0001218,Hsc70-3,ER,candidate_only_not_experimentally_validated
FBgn0002524,lace,ER,candidate_only_not_experimentally_validated
FBgn0031256,CG4164,ER,candidate_only_not_experimentally_validated
FBgn0036642,CG4169,mitochondrion,candidate_only_not_experimentally_validated
FBgn0015791,Rab14,PM,candidate_only_not_experimentally_validated
FBgn0011708,Syx5,Golgi,candidate_only_not_experimentally_validated
FBgn0038805,TFAM,mitochondrion,candidate_only_not_experimentally_validated
FBgn0038376,CG4225,Lysosome,candidate_only_not_experimentally_validated
FBgn0001125,Got2,mitochondrion,candidate_only_not_experimentally_validated
FBgn0015567,alpha-Adaptin,PM,candidate_only_not_experimentally_validated
FBgn0001219,Hsc70-4,Proteasome,candidate_only_not_experimentally_validated
FBgn0016691,Oscp,mitochondrion,candidate_only_not_experimentally_validated
FBgn0010438,mtSSB,Proteasome,candidate_only_not_experimentally_validated
FBgn0036279,Ncc69,PM,candidate_only_not_experimentally_validated
FBgn0037024,CG4365,Proteasome,candidate_only_not_experimentally_validated
FBgn0000667,Actn,PM,candidate_only_not_experimentally_validated
FBgn0028479,CG4389,mitochondrion,candidate_only_not_experimentally_validated
FBgn0039073,CG4408,ER,candidate_only_not_experimentally_validated
FBgn0010256,Rbp2,Ribosome 40S,candidate_only_not_experimentally_validated
FBgn0026170,smt3,Cytoskeleton,candidate_only_not_experimentally_validated
FBgn0029903,pod1,PM,candidate_only_not_experimentally_validated
FBgn0027080,Aats-tyr,Cytoskeleton,candidate_only_not_experimentally_validated
FBgn0025352,Thiolase,mitochondrion,candidate_only_not_experimentally_validated
FBgn0013349,dUTPase,PM,candidate_only_not_experimentally_validated
FBgn0027108,inx2,PM,candidate_only_not_experimentally_validated
FBgn0040064,yip2,mitochondrion,candidate_only_not_experimentally_validated
FBgn0033814,CG4670,ER,candidate_only_not_experimentally_validated
FBgn0033816,CG4679,mitochondrion,candidate_only_not_experimentally_validated
FBgn0039349,CG4685,mitochondrion,candidate_only_not_experimentally_validated
FBgn0035032,CG4692,mitochondrion,candidate_only_not_experimentally_validated
FBgn0011260,Sema-2a,ER,candidate_only_not_experimentally_validated
FBgn0038742,Arc42,mitochondrion,candidate_only_not_experimentally_validated
FBgn0036623,CG4729,ER,candidate_only_not_experimentally_validated
FBgn0043456,CG4747,Nucleus,candidate_only_not_experimentally_validated
FBgn0036622,CG4753,ER,candidate_only_not_experimentally_validated
FBgn0035600,CG4769,mitochondrion,candidate_only_not_experimentally_validated
FBgn0035602,CG4780,ER,candidate_only_not_experimentally_validated
FBgn0030792,CG4789,ER,candidate_only_not_experimentally_validated
FBgn0011823,Pen,PM,candidate_only_not_experimentally_validated
FBgn0037874,Tctp,Proteasome,candidate_only_not_experimentally_validated
FBgn0037010,CG4825,ER,candidate_only_not_experimentally_validated
FBgn0030796,CG4829,PM,candidate_only_not_experimentally_validated
FBgn0034237,eIF3-S9,Ribosome 40S,candidate_only_not_experimentally_validated
FBgn0003721,Tm1,PM,candidate_only_not_experimentally_validated
FBgn0032198,eEF1delta,Proteasome,candidate_only_not_experimentally_validated
FBgn0003274,RpLP2,PM,candidate_only_not_experimentally_validated
FBgn0016701,Rab4,PM,candidate_only_not_experimentally_validated
FBgn0038320,Sra-1,PM,candidate_only_not_experimentally_validated
FBgn0026084,cib,Proteasome,candidate_only_not_experimentally_validated
FBgn0034258,eIF3-S8,Ribosome 40S,candidate_only_not_experimentally_validated
FBgn0032217,CG4972,ER,candidate_only_not_experimentally_validated
FBgn0024734,PRL-1,PM,candidate_only_not_experimentally_validated
FBgn0026409,Mpcp,mitochondrion,candidate_only_not_experimentally_validated
FBgn0029687,Vap-33-1,ER,candidate_only_not_experimentally_validated
FBgn0036579,CG5027,ER,candidate_only_not_experimentally_validated
FBgn0039358,CG5028,Lysosome,candidate_only_not_experimentally_validated
FBgn0031313,CG5080,PM,candidate_only_not_experimentally_validated
FBgn0003031,pAbp,Ribosome 40S,candidate_only_not_experimentally_validated
FBgn0038038,CG5167,ER,candidate_only_not_experimentally_validated
FBgn0027835,Dp1,Ribosome 40S,candidate_only_not_experimentally_validated
FBgn0034350,CG5189,Ribosome 40S,candidate_only_not_experimentally_validated
FBgn0038039,CG5196,ER,candidate_only_not_experimentally_validated
FBgn0013763,Chit,Proteasome,candidate_only_not_experimentally_validated
FBgn0037891,CG5214,mitochondrion,candidate_only_not_experimentally_validated
FBgn0021764,sdk,PM,candidate_only_not_experimentally_validated
FBgn0031912,CG5261,mitochondrion,candidate_only_not_experimentally_validated
FBgn0036566,CG5284,PM,candidate_only_not_experimentally_validated
FBgn0015282,Pros26.4,Proteasome,candidate_only_not_experimentally_validated
FBgn0015268,Nap1,PM,candidate_only_not_experimentally_validated
FBgn0034925,CG5339,PM,candidate_only_not_experimentally_validated
FBgn0032237,CG5362,Proteasome,candidate_only_not_experimentally_validated
FBgn0038950,CG5382,Golgi,candidate_only_not_experimentally_validated
FBgn0005674,Aats-glupro,Ribosome 40S,candidate_only_not_experimentally_validated
FBgn0026178,scrib,PM,candidate_only_not_experimentally_validated
FBgn0034368,CG5482,ER,candidate_only_not_experimentally_validated
FBgn0039160,CG5510,ER,candidate_only_not_experimentally_validated
FBgn0039562,Gp93,ER,candidate_only_not_experimentally_validated
FBgn0032444,CG5525,Ribosome 40S,candidate_only_not_experimentally_validated
FBgn0034902,CG5532,ER,candidate_only_not_experimentally_validated
FBgn0034914,CG5554,ER,candidate_only_not_experimentally_validated
FBgn0024234,gbb,ER,candidate_only_not_experimentally_validated
FBgn0003022,Ote,ER,candidate_only_not_experimentally_validated
FBgn0039537,CG5590,Ribosome 40S,candidate_only_not_experimentally_validated
FBgn0025698,CG5594,PM,candidate_only_not_experimentally_validated
FBgn0036974,eRF1,Cytoskeleton,candidate_only_not_experimentally_validated
FBgn0034708,CG5625,PM,candidate_only_not_experimentally_validated
FBgn0036258,CG5642,Proteasome,candidate_only_not_experimentally_validated
FBgn0035946,CG5651,Cytoskeleton,candidate_only_not_experimentally_validated
FBgn0022959,yps,Nucleus,candidate_only_not_experimentally_validated
FBgn0030853,CG5703,mitochondrion,candidate_only_not_experimentally_validated
FBgn0035937,CG5741,PM,candidate_only_not_experimentally_validated
FBgn0028468,rtet,ER,candidate_only_not_experimentally_validated
FBgn0015790,Rab11,PM,candidate_only_not_experimentally_validated
FBgn0039207,CG5789,PM,candidate_only_not_experimentally_validated
FBgn0038863,CG5802,ER,candidate_only_not_experimentally_validated
FBgn0025678,CaBP1,ER,candidate_only_not_experimentally_validated
FBgn0013272,Gp150,PM,candidate_only_not_experimentally_validated
FBgn0011771,Hem,PM,candidate_only_not_experimentally_validated
FBgn0039125,CG5857,ER,candidate_only_not_experimentally_validated
FBgn0038868,CG5862,ER,candidate_only_not_experimentally_validated
FBgn0039132,AP-1sigma,Golgi,candidate_only_not_experimentally_validated
FBgn0003471,beta-Spec,PM,candidate_only_not_experimentally_validated
FBgn0028375,heix,ER,candidate_only_not_experimentally_validated
FBgn0015795,Rab7,PM,candidate_only_not_experimentally_validated
FBgn0036211,CG5946,ER,candidate_only_not_experimentally_validated
FBgn0031781,Arc-p20,Proteasome,candidate_only_not_experimentally_validated
FBgn0036752,Adgf-A,Lysosome,candidate_only_not_experimentally_validated
FBgn0036555,CG6017,Golgi,candidate_only_not_experimentally_validated
FBgn0036198,CG6038,PM,candidate_only_not_experimentally_validated
FBgn0038349,CG6045,Lysosome,candidate_only_not_experimentally_validated
FBgn0024556,EfTuM,mitochondrion,candidate_only_not_experimentally_validated
FBgn0000064,Ald,Proteasome,candidate_only_not_experimentally_validated
FBgn0036182,CG6084,PM,candidate_only_not_experimentally_validated
FBgn0027865,Tsp96F,PM,candidate_only_not_experimentally_validated
FBgn0015756,RpL9,Lysosome,candidate_only_not_experimentally_validated
FBgn0014877,Roe1,mitochondrion,candidate_only_not_experimentally_validated
FBgn0036155,CG6163,Lysosome,candidate_only_not_experimentally_validated
FBgn0039156,CG6178,Ribosome 60S,candidate_only_not_experimentally_validated
FBgn0032340,CG6181,Ribosome 40S,candidate_only_not_experimentally_validated
FBgn0022355,Tsf1,PM,candidate_only_not_experimentally_validated
FBgn0036147,CG6199,Golgi,candidate_only_not_experimentally_validated
FBgn0028734,Fmr1,Ribosome 40S,candidate_only_not_experimentally_validated
FBgn0036141,srt,ER,candidate_only_not_experimentally_validated
FBgn0032456,MRP,PM,candidate_only_not_experimentally_validated
FBgn0013269,FK506-bp1,Lysosome,candidate_only_not_experimentally_validated
FBgn0027582,CG6230,ER,candidate_only_not_experimentally_validated
FBgn0032350,CG6287,Proteasome,candidate_only_not_experimentally_validated
FBgn0036735,CG6311,Ribosome 40S,candidate_only_not_experimentally_validated
FBgn0028737,Ef1beta,Proteasome,candidate_only_not_experimentally_validated
FBgn0032646,CG6412,mitochondrion,candidate_only_not_experimentally_validated
FBgn0029688,lva,Ribosome 60S,candidate_only_not_experimentally_validated
FBgn0032643,CG6453,ER,candidate_only_not_experimentally_validated
FBgn0019960,CG6455,mitochondrion,candidate_only_not_experimentally_validated
FBgn0034259,CG6459,mitochondrion,candidate_only_not_experimentally_validated
FBgn0036710,CG6479,ER,candidate_only_not_experimentally_validated
FBgn0036702,CG6512,mitochondrion,candidate_only_not_experimentally_validated
FBgn0033879,CG6543,mitochondrion,candidate_only_not_experimentally_validated
FBgn0034214,CG6550,ER,candidate_only_not_experimentally_validated
FBgn0015797,Rab6,Golgi,candidate_only_not_experimentally_validated
FBgn0026418,Hsc70Cb,PM,candidate_only_not_experimentally_validated
FBgn0004363,porin,mitochondrion,candidate_only_not_experimentally_validated
FBgn0039213,atl,ER,candidate_only_not_experimentally_validated
FBgn0032292,CG6750,ER,candidate_only_not_experimentally_validated
FBgn0032398,CG6766,ER,candidate_only_not_experimentally_validated
FBgn0027088,Aats-gly,Proteasome,candidate_only_not_experimentally_validated
FBgn0037912,CG6782,Proteasome,candidate_only_not_experimentally_validated
FBgn0040237,bor,mitochondrion,candidate_only_not_experimentally_validated
FBgn0035909,ergic53,ER,candidate_only_not_experimentally_validated
FBgn0013997,Nrx-IV,PM,candidate_only_not_experimentally_validated
FBgn0020254,rhea,PM,candidate_only_not_experimentally_validated
FBgn0002525,Lam,Ribosome 60S,candidate_only_not_experimentally_validated
FBgn0039004,CG6958,Nucleus,candidate_only_not_experimentally_validated
FBgn0011253,gish,PM,candidate_only_not_experimentally_validated
FBgn0037960,mthl5,PM,candidate_only_not_experimentally_validated
FBgn0040284,SF2,Nucleus,candidate_only_not_experimentally_validated
FBgn0035121,Tudor-SN,Nucleus,candidate_only_not_experimentally_validated
FBgn0028325,l(1)G0334,mitochondrion,candidate_only_not_experimentally_validated
FBgn0039234,nct,PM,candidate_only_not_experimentally_validated
FBgn0027095,ARP-like,ER,candidate_only_not_experimentally_validated
FBgn0038277,RpS5b,Ribosome 40S,candidate_only_not_experimentally_validated
FBgn0030086,CG7033,PM,candidate_only_not_experimentally_validated
FBgn0003178,PyK,Proteasome,candidate_only_not_experimentally_validated
FBgn0038947,sar1,PM,candidate_only_not_experimentally_validated
FBgn0001090,bnb,PM,candidate_only_not_experimentally_validated
FBgn0015609,CadN,PM,candidate_only_not_experimentally_validated
FBgn0020618,Rack1,Lysosome,candidate_only_not_experimentally_validated
FBgn0021765,scu,mitochondrion,candidate_only_not_experimentally_validated
FBgn0002527,LanB1,ER,candidate_only_not_experimentally_validated
FBgn0001248,Idh,Proteasome,candidate_only_not_experimentally_validated
FBgn0000565,Eip71CD,ER,candidate_only_not_experimentally_validated
FBgn0031379,CG7289,Golgi,candidate_only_not_experimentally_validated
FBgn0040493,granny-smith,Proteasome,candidate_only_not_experimentally_validated
FBgn0025617,CG7359,ER,candidate_only_not_experimentally_validated
FBgn0038722,Nup58,Golgi,candidate_only_not_experimentally_validated
FBgn0028541,CG7364,Golgi,candidate_only_not_experimentally_validated
FBgn0021953,Fatp,ER,candidate_only_not_experimentally_validated
FBgn0037580,DppIII,Proteasome,candidate_only_not_experimentally_validated
FBgn0036762,CG7430,Ribosome 40S,candidate_only_not_experimentally_validated
FBgn0036927,CG7433,mitochondrion,candidate_only_not_experimentally_validated
FBgn0020392,Nmt,Ribosome 40S,candidate_only_not_experimentally_validated
FBgn0011673,Myo31DF,PM,candidate_only_not_experimentally_validated
FBgn0034432,CG7461,mitochondrion,candidate_only_not_experimentally_validated
FBgn0017645,Ank2,PM,candidate_only_not_experimentally_validated
FBgn0037573,eIF4AIII,Nucleus,candidate_only_not_experimentally_validated
FBgn0036745,CG7484,ER,candidate_only_not_experimentally_validated
FBgn0000100,RpLP0,Lysosome,candidate_only_not_experimentally_validated
FBgn0010349,Dhc64C,Ribosome 40S,candidate_only_not_experimentally_validated
FBgn0038533,CG7523,Lysosome,candidate_only_not_experimentally_validated
FBgn0003501,Src64B,PM,candidate_only_not_experimentally_validated
FBgn0035793,CG7546,Proteasome,candidate_only_not_experimentally_validated
FBgn0030990,CG7556,ER,candidate_only_not_experimentally_validated
FBgn0012051,CalpA,PM,candidate_only_not_experimentally_validated
FBgn0036728,CG7580,mitochondrion,candidate_only_not_experimentally_validated
FBgn0020496,CtBP,Ribosome 60S,candidate_only_not_experimentally_validated
FBgn0020240,Mcr,PM,candidate_only_not_experimentally_validated
FBgn0015283,Pros54,Proteasome,candidate_only_not_experimentally_validated
FBgn0032026,CG7627,PM,candidate_only_not_experimentally_validated
FBgn0038538,pxt,PM,candidate_only_not_experimentally_validated
FBgn0038610,CG7675,Ribosome 40S,candidate_only_not_experimentally_validated
FBgn0044871,Gos28,Golgi,candidate_only_not_experimentally_validated
FBgn0013325,RpL11,Lysosome,candidate_only_not_experimentally_validated
FBgn0036509,CG7739,Lysosome,candidate_only_not_experimentally_validated
FBgn0026189,prominin-like,ER,candidate_only_not_experimentally_validated
FBgn0001308,Khc,Proteasome,candidate_only_not_experimentally_validated
FBgn0039704,CG7802,ER,candidate_only_not_experimentally_validated
FBgn0032015,CG7830,ER,candidate_only_not_experimentally_validated
FBgn0039697,CG7834,mitochondrion,candidate_only_not_experimentally_validated
FBgn0032012,CG7870,ER,candidate_only_not_experimentally_validated
FBgn0030658,CG7872,ER,candidate_only_not_experimentally_validated
FBgn0004603,Src42A,PM,candidate_only_not_experimentally_validated
FBgn0033039,gp210,ER,candidate_only_not_experimentally_validated
FBgn0042693,PP2A-B',PM,candidate_only_not_experimentally_validated
FBgn0016685,Nlp,PM,candidate_only_not_experimentally_validated
FBgn0039737,CG7920,mitochondrion,candidate_only_not_experimentally_validated
FBgn0025725,alphaCop,Nucleus,candidate_only_not_experimentally_validated
FBgn0034117,CG7997,Proteasome,candidate_only_not_experimentally_validated
FBgn0038587,CG7998,mitochondrion,candidate_only_not_experimentally_validated
FBgn0015477,Rme-8,PM,candidate_only_not_experimentally_validated
FBgn0037607,CG8036,Proteasome,candidate_only_not_experimentally_validated
FBgn0027554,CG8042,ER,candidate_only_not_experimentally_validated
FBgn0020611,Vha44,PM,candidate_only_not_experimentally_validated
FBgn0033382,CG8058,ER,candidate_only_not_experimentally_validated
FBgn0028469,CG8062,PM,candidate_only_not_experimentally_validated
FBgn0037689,CG8135,Golgi,candidate_only_not_experimentally_validated
FBgn0026193,par-1,Proteasome,candidate_only_not_experimentally_validated
FBgn0037711,CG8228,Golgi,candidate_only_not_experimentally_validated
FBgn0027329,l(1)G0022,Cytoskeleton,candidate_only_not_experimentally_validated
FBgn0033342,CG8258,Proteasome,candidate_only_not_experimentally_validated
FBgn0004921,Ggamma1,Golgi,candidate_only_not_experimentally_validated
FBgn0000556,Ef1alpha48D,Ribosome 40S,candidate_only_not_experimentally_validated
FBgn0037718,P58IPK,ER,candidate_only_not_experimentally_validated
FBgn0034142,CG8306,ER,candidate_only_not_experimentally_validated
FBgn0004236,alphaTub67C,PM,candidate_only_not_experimentally_validated
FBgn0033902,Tango7,Ribosome 40S,candidate_only_not_experimentally_validated
FBgn0020236,ATPCL,Cytoskeleton,candidate_only_not_experimentally_validated
FBgn0033906,CG8331,ER,candidate_only_not_experimentally_validated
FBgn0010339,128up,Ribosome 40S,candidate_only_not_experimentally_validated
FBgn0037632,CG8351,Proteasome,candidate_only_not_experimentally_validated
FBgn0003425,sli,PM,candidate_only_not_experimentally_validated
FBgn0034060,CG8370,ER,candidate_only_not_experimentally_validated
FBgn0010348,Arf79F,PM,candidate_only_not_experimentally_validated
FBgn0034066,CG8397,ER,candidate_only_not_experimentally_validated
FBgn0014020,Rho1,PM,candidate_only_not_experimentally_validated
FBgn0010621,Cct5,Proteasome,candidate_only_not_experimentally_validated
FBgn0034087,CG8443,Ribosome 40S,candidate_only_not_experimentally_validated
FBgn0031996,CG8460,ER,candidate_only_not_experimentally_validated
FBgn0028343,l(1)G0222,ER,candidate_only_not_experimentally_validated
FBgn0033914,CG8479,mitochondrion,candidate_only_not_experimentally_validated
FBgn0031993,CG8486,PM,candidate_only_not_experimentally_validated
FBgn0037756,CG8507,ER,candidate_only_not_experimentally_validated
FBgn0001220,Hsc70-5,mitochondrion,candidate_only_not_experimentally_validated
FBgn0035771,sec63,ER,candidate_only_not_experimentally_validated
FBgn0011640,lark,Nucleus,candidate_only_not_experimentally_validated
FBgn0035762,CG8605,Lysosome,candidate_only_not_experimentally_validated
FBgn0033317,CG8635,Ribosome 40S,candidate_only_not_experimentally_validated
FBgn0013726,pnut,Proteasome,candidate_only_not_experimentally_validated
FBgn0020279,lig,Nucleus,candidate_only_not_experimentally_validated
FBgn0033235,CG8728,mitochondrion,candidate_only_not_experimentally_validated
FBgn0010609,l(2)44DEa,ER,candidate_only_not_experimentally_validated
FBgn0033309,CG8735,ER,candidate_only_not_experimentally_validated
FBgn0017565,Nacalpha,Cytoskeleton,candidate_only_not_experimentally_validated
FBgn0033717,CG8839,ER,candidate_only_not_experimentally_validated
FBgn0033699,RpS11,Ribosome 40S,candidate_only_not_experimentally_validated
FBgn0038145,CG8863,Cytoskeleton,candidate_only_not_experimentally_validated
FBgn0015834,Trip1,mitochondrion,candidate_only_not_experimentally_validated
FBgn0001092,Gapdh2,Proteasome,candidate_only_not_experimentally_validated
FBgn0028967,26-29-p,Ribosome 60S,candidate_only_not_experimentally_validated
FBgn0015019,Cctgamma,Proteasome,candidate_only_not_experimentally_validated
FBgn0010516,wal,Proteasome,candidate_only_not_experimentally_validated
FBgn0034176,CG9000,ER,candidate_only_not_experimentally_validated
FBgn0000319,Chc,PM,candidate_only_not_experimentally_validated
FBgn0033631,CG9027,PM,candidate_only_not_experimentally_validated
FBgn0001128,Gpdh,Ribosome 40S,candidate_only_not_experimentally_validated
FBgn0030703,CG9066,ER,candidate_only_not_experimentally_validated
FBgn0001942,eIF-4a,Proteasome,candidate_only_not_experimentally_validated
FBgn0030805,wus,ER,candidate_only_not_experimentally_validated
FBgn0030616,RpL37a,Golgi,candidate_only_not_experimentally_validated
FBgn0022023,eIF-3p40,Ribosome 40S,candidate_only_not_experimentally_validated
FBgn0045073,Stim,ER,candidate_only_not_experimentally_validated
FBgn0035195,Sac1,ER,candidate_only_not_experimentally_validated
FBgn0030791,CG9132,PM,candidate_only_not_experimentally_validated
FBgn0031879,SP1070,PM,candidate_only_not_experimentally_validated
FBgn0025682,scf,ER,candidate_only_not_experimentally_validated
FBgn0028419,Kr-h2,ER,candidate_only_not_experimentally_validated
FBgn0031779,CG9175,ER,candidate_only_not_experimentally_validated
FBgn0003138,Ptp61F,Golgi,candidate_only_not_experimentally_validated
FBgn0035208,CG9184,Golgi,candidate_only_not_experimentally_validated
FBgn0035206,CG9186,ER,candidate_only_not_experimentally_validated
FBgn0005655,mus209,Lysosome,candidate_only_not_experimentally_validated
FBgn0040285,Scamp,Golgi,candidate_only_not_experimentally_validated
FBgn0036887,CG9231,mitochondrion,candidate_only_not_experimentally_validated
FBgn0032916,CG9257,ER,candidate_only_not_experimentally_validated
FBgn0032906,CG9273,Ribosome 40S,candidate_only_not_experimentally_validated
FBgn0003887,betaTub56D,Proteasome,candidate_only_not_experimentally_validated
FBgn0030672,CG9281,Nucleus,candidate_only_not_experimentally_validated
FBgn0000454,Dip-B,Proteasome,candidate_only_not_experimentally_validated
FBgn0032514,CG9302,ER,candidate_only_not_experimentally_validated
FBgn0004873,hts,PM,candidate_only_not_experimentally_validated
FBgn0032885,CG9326,Lysosome,candidate_only_not_experimentally_validated
FBgn0032904,Mtp,ER,candidate_only_not_experimentally_validated
FBgn0037701,CG9373,Nucleus,candidate_only_not_experimentally_validated
FBgn0003205,Ras85D,PM,candidate_only_not_experimentally_validated
FBgn0037719,bocksbeutel,ER,candidate_only_not_experimentally_validated
FBgn0028401,Snap24,PM,candidate_only_not_experimentally_validated
FBgn0032078,CG9520,Golgi,candidate_only_not_experimentally_validated
FBgn0031815,CG9526,ER,candidate_only_not_experimentally_validated
FBgn0031090,Rab35,PM,candidate_only_not_experimentally_validated
FBgn0031092,CG9577,Cytoskeleton,candidate_only_not_experimentally_validated
FBgn0040529,CG9603,mitochondrion,candidate_only_not_experimentally_validated
FBgn0003089,pip,ER,candidate_only_not_experimentally_validated
FBgn0027528,CG9634,PM,candidate_only_not_experimentally_validated
FBgn0025582,Int6,Ribosome 40S,candidate_only_not_experimentally_validated
FBgn0004556,Dbp73D,Proteasome,candidate_only_not_experimentally_validated
FBgn0036661,CG9705,PM,candidate_only_not_experimentally_validated
FBgn0030768,CG9723,ER,candidate_only_not_experimentally_validated
FBgn0000171,bel,Cytoskeleton,candidate_only_not_experimentally_validated
FBgn0040075,rept,Ribosome 40S,candidate_only_not_experimentally_validated
FBgn0027570,Nep2,PM,candidate_only_not_experimentally_validated
FBgn0011455,l(3)neo18,mitochondrion,candidate_only_not_experimentally_validated
FBgn0038149,CG9796,PM,candidate_only_not_experimentally_validated
FBgn0037249,eIF3-S10,Ribosome 40S,candidate_only_not_experimentally_validated
FBgn0010470,Fkbp13,ER,candidate_only_not_experimentally_validated
FBgn0030734,CG9911,ER,candidate_only_not_experimentally_validated
FBgn0004432,Cyp1,Proteasome,candidate_only_not_experimentally_validated
FBgn0004925,eIF-2alpha,Cytoskeleton,candidate_only_not_experimentally_validated
FBgn0035726,CG9953,Ribosome 60S,candidate_only_not_experimentally_validated
FBgn0001215,Hrb98DE,Nucleus,candidate_only_not_experimentally_validated
